num_topics,coherence
4,0.41142119374285296
6,0.5203586342175108
8,0.5374944272736449
10,0.5538486516611731
12,0.5545938151372735
14,0.5464058168624256
