num_topics,coherence
4,0.41142119374285296
6,0.5203586342175108
8,0.537494427273645
10,0.5537657019341388
12,0.5545938151372735
14,0.5464058168624256
